--
-- PostgreSQL database dump
--

-- Dumped from database version 17.2
-- Dumped by pg_dump version 17.2

SET statement_timeout = 0;
SET lock_timeout = 0;
SET idle_in_transaction_session_timeout = 0;
SET transaction_timeout = 0;
SET client_encoding = 'UTF8';
SET standard_conforming_strings = on;
SELECT pg_catalog.set_config('search_path', '', false);
SET check_function_bodies = false;
SET xmloption = content;
SET client_min_messages = warning;
SET row_security = off;

SET default_tablespace = '';

SET default_table_access_method = heap;

--
-- Name: asp; Type: TABLE; Schema: public; Owner: postgres
--

CREATE TABLE public.asp (
    roll_no integer,
    dates date,
    status character varying(1) NOT NULL
);


ALTER TABLE public.asp OWNER TO postgres;

--
-- Name: dsc; Type: TABLE; Schema: public; Owner: postgres
--

CREATE TABLE public.dsc (
    roll_no integer,
    dates date,
    status character varying(1) NOT NULL
);


ALTER TABLE public.dsc OWNER TO postgres;

--
-- Name: java; Type: TABLE; Schema: public; Owner: postgres
--

CREATE TABLE public.java (
    roll_no integer,
    dates date,
    status character varying(1)
);


ALTER TABLE public.java OWNER TO postgres;

--
-- Name: python; Type: TABLE; Schema: public; Owner: postgres
--

CREATE TABLE public.python (
    roll_no integer,
    dates date,
    status character varying(1) NOT NULL
);


ALTER TABLE public.python OWNER TO postgres;

--
-- Name: studentinfo; Type: TABLE; Schema: public; Owner: postgres
--

CREATE TABLE public.studentinfo (
    roll_no integer NOT NULL,
    name character varying(50),
    password character varying(50)
);


ALTER TABLE public.studentinfo OWNER TO postgres;

--
-- Name: teachersinfo; Type: TABLE; Schema: public; Owner: postgres
--

CREATE TABLE public.teachersinfo (
    id integer NOT NULL,
    name character varying(50) NOT NULL,
    pass character varying(50) NOT NULL
);


ALTER TABLE public.teachersinfo OWNER TO postgres;

--
-- Data for Name: asp; Type: TABLE DATA; Schema: public; Owner: postgres
--

COPY public.asp (roll_no, dates, status) FROM stdin;
236058	2024-01-07	P
236058	2025-01-10	P
236058	2025-01-14	P
236058	2025-01-17	P
246308	2024-01-07	P
246308	2025-01-10	P
246308	2025-01-14	P
246308	2025-01-17	A
236049	2024-01-07	P
236049	2025-01-10	P
236049	2025-01-14	P
236049	2025-01-17	P
236050	2024-01-07	P
236050	2025-01-10	P
236050	2025-01-14	P
236050	2025-01-17	A
236051	2024-01-07	P
236051	2025-01-10	P
236051	2025-01-14	A
236051	2025-01-17	A
236052	2024-01-07	P
236052	2025-01-10	P
236052	2025-01-14	P
236052	2025-01-17	P
236053	2024-01-07	P
236053	2025-01-10	P
236053	2025-01-14	P
236053	2025-01-17	P
236054	2024-01-07	P
236054	2025-01-10	P
236054	2025-01-14	P
236054	2025-01-17	P
236055	2024-01-07	P
236055	2025-01-10	P
236055	2025-01-14	P
236055	2025-01-17	A
236056	2024-01-07	P
236056	2025-01-10	P
236056	2025-01-14	P
236056	2025-01-17	A
236057	2024-01-07	P
236057	2025-01-10	P
236057	2025-01-14	P
236057	2025-01-17	P
236059	2024-01-07	P
236059	2025-01-10	P
236059	2025-01-14	P
236059	2025-01-17	P
236060	2024-01-07	A
236060	2025-01-10	P
236060	2025-01-14	A
236060	2025-01-17	P
236061	2024-01-07	P
236061	2025-01-10	P
236061	2025-01-14	P
236061	2025-01-17	P
236062	2024-01-07	P
236062	2025-01-10	P
236062	2025-01-14	P
236062	2025-01-17	P
236063	2024-01-07	P
236063	2025-01-10	P
236063	2025-01-14	P
236063	2025-01-17	P
236064	2024-01-07	P
236064	2025-01-10	P
236064	2025-01-14	P
236064	2025-01-17	P
236065	2024-01-07	P
236065	2025-01-10	P
236065	2025-01-14	A
236065	2025-01-17	P
236066	2024-01-07	P
236066	2025-01-10	P
236066	2025-01-14	P
236066	2025-01-17	P
236067	2024-01-07	P
236067	2025-01-10	P
236067	2025-01-14	P
236067	2025-01-17	P
236068	2024-01-07	P
236068	2025-01-10	P
236068	2025-01-14	P
236068	2025-01-17	P
236069	2024-01-07	A
236069	2025-01-10	A
236069	2025-01-14	A
236069	2025-01-17	A
236070	2024-01-07	P
236070	2025-01-10	P
236070	2025-01-14	P
236070	2025-01-17	P
236071	2024-01-07	P
236071	2025-01-10	P
236071	2025-01-14	P
236071	2025-01-17	P
246301	2024-01-07	A
246301	2025-01-10	A
246301	2025-01-14	A
246301	2025-01-17	A
246302	2024-01-07	A
246302	2025-01-10	A
246302	2025-01-14	A
246302	2025-01-17	A
246303	2024-01-07	A
246303	2025-01-10	P
246303	2025-01-14	A
246303	2025-01-17	A
246304	2024-01-07	A
246304	2025-01-10	A
246304	2025-01-14	A
246304	2025-01-17	A
246305	2024-01-07	A
246305	2025-01-10	A
246305	2025-01-14	A
246305	2025-01-17	A
246306	2024-01-07	P
246306	2025-01-10	P
246306	2025-01-14	P
246306	2025-01-17	A
246307	2024-01-07	P
246307	2025-01-10	P
246307	2025-01-14	A
246307	2025-01-17	P
246309	2024-01-07	A
246309	2025-01-10	A
246309	2025-01-14	A
246309	2025-01-17	P
246310	2024-01-07	P
246310	2025-01-10	P
246310	2025-01-14	A
246310	2025-01-17	A
246311	2024-01-07	A
246311	2025-01-10	A
246311	2025-01-14	A
246311	2025-01-17	A
246312	2024-01-07	A
246312	2025-01-10	A
246312	2025-01-14	A
246312	2025-01-17	A
\.


--
-- Data for Name: dsc; Type: TABLE DATA; Schema: public; Owner: postgres
--

COPY public.dsc (roll_no, dates, status) FROM stdin;
236058	2025-01-12	P
236058	2025-01-14	P
236058	2025-01-10	P
236058	2024-01-07	P
236058	2025-01-17	P
246308	2024-01-07	P
246308	2025-01-10	P
246308	2025-01-14	P
246308	2025-01-17	A
236049	2024-01-07	P
236049	2025-01-10	P
236049	2025-01-14	P
236049	2025-01-17	P
236050	2024-01-07	P
236050	2025-01-10	P
236050	2025-01-14	P
236050	2025-01-17	A
236051	2024-01-07	P
236051	2025-01-10	P
236051	2025-01-14	A
236051	2025-01-17	A
236052	2024-01-07	P
236052	2025-01-10	P
236052	2025-01-14	P
236052	2025-01-17	P
236053	2024-01-07	P
236053	2025-01-10	P
236053	2025-01-14	P
236053	2025-01-17	P
236054	2024-01-07	P
236054	2025-01-10	P
236054	2025-01-14	P
236054	2025-01-17	P
236055	2024-01-07	P
236055	2025-01-10	P
236055	2025-01-14	P
236055	2025-01-17	A
236056	2024-01-07	P
236056	2025-01-10	P
236056	2025-01-14	P
236056	2025-01-17	A
236057	2024-01-07	P
236057	2025-01-10	P
236057	2025-01-14	P
236057	2025-01-17	P
236059	2024-01-07	P
236059	2025-01-10	P
236059	2025-01-14	P
236059	2025-01-17	P
236060	2024-01-07	A
236060	2025-01-10	P
236060	2025-01-14	A
236060	2025-01-17	P
236061	2024-01-07	P
236061	2025-01-10	P
236061	2025-01-14	P
236061	2025-01-17	P
236062	2024-01-07	P
236062	2025-01-10	P
236062	2025-01-14	P
236062	2025-01-17	P
236063	2024-01-07	P
236063	2025-01-10	P
236063	2025-01-14	P
236063	2025-01-17	P
236064	2024-01-07	P
236064	2025-01-10	P
236064	2025-01-14	P
236064	2025-01-17	P
236065	2024-01-07	P
236065	2025-01-10	P
236065	2025-01-14	A
236065	2025-01-17	P
236066	2024-01-07	P
236066	2025-01-10	P
236066	2025-01-14	P
236066	2025-01-17	P
236067	2024-01-07	P
236067	2025-01-10	P
236067	2025-01-14	P
236067	2025-01-17	P
236068	2024-01-07	P
236068	2025-01-10	P
236068	2025-01-14	P
236068	2025-01-17	P
236069	2024-01-07	A
236069	2025-01-10	A
236069	2025-01-14	A
236069	2025-01-17	A
236070	2024-01-07	P
236070	2025-01-10	P
236070	2025-01-14	P
236070	2025-01-17	P
236071	2024-01-07	P
236071	2025-01-10	P
236071	2025-01-14	P
236071	2025-01-17	P
246301	2024-01-07	A
246301	2025-01-10	A
246301	2025-01-14	A
246301	2025-01-17	A
246302	2024-01-07	A
246302	2025-01-10	A
246302	2025-01-14	A
246302	2025-01-17	A
246303	2024-01-07	A
246303	2025-01-10	P
246303	2025-01-14	A
246303	2025-01-17	A
246304	2024-01-07	A
246304	2025-01-10	A
246304	2025-01-14	A
246304	2025-01-17	A
246305	2024-01-07	A
246305	2025-01-10	A
246305	2025-01-14	A
246305	2025-01-17	A
246306	2024-01-07	P
246306	2025-01-10	P
246306	2025-01-14	P
246306	2025-01-17	A
246307	2024-01-07	P
246307	2025-01-10	P
246307	2025-01-14	A
246307	2025-01-17	P
246309	2024-01-07	A
246309	2025-01-10	A
246309	2025-01-14	A
246309	2025-01-17	P
246310	2024-01-07	P
246310	2025-01-10	P
246310	2025-01-14	A
246310	2025-01-17	A
246311	2024-01-07	A
246311	2025-01-10	A
246311	2025-01-14	A
246311	2025-01-17	A
246312	2024-01-07	A
246312	2025-01-10	A
246312	2025-01-14	A
246312	2025-01-17	A
\.


--
-- Data for Name: java; Type: TABLE DATA; Schema: public; Owner: postgres
--

COPY public.java (roll_no, dates, status) FROM stdin;
236058	2024-01-07	P
236058	2025-01-10	P
236058	2025-01-14	P
236058	2025-01-17	P
246308	2024-01-07	P
246308	2025-01-10	P
246308	2025-01-14	P
246308	2025-01-17	A
236049	2024-01-07	P
236049	2025-01-10	P
236049	2025-01-14	P
236049	2025-01-17	P
236050	2024-01-07	P
236050	2025-01-10	P
236050	2025-01-14	P
236050	2025-01-17	A
236051	2024-01-07	P
236051	2025-01-10	P
236051	2025-01-14	A
236051	2025-01-17	A
236052	2024-01-07	P
236052	2025-01-10	P
236052	2025-01-14	P
236052	2025-01-17	P
236053	2024-01-07	P
236053	2025-01-10	P
236053	2025-01-14	P
236053	2025-01-17	P
236054	2024-01-07	P
236054	2025-01-10	P
236054	2025-01-14	P
236054	2025-01-17	P
236055	2024-01-07	P
236055	2025-01-10	P
236055	2025-01-14	P
236055	2025-01-17	A
236056	2024-01-07	P
236056	2025-01-10	P
236056	2025-01-14	P
236056	2025-01-17	A
236057	2024-01-07	P
236057	2025-01-10	P
236057	2025-01-14	P
236057	2025-01-17	P
236059	2024-01-07	P
236059	2025-01-10	P
236059	2025-01-14	P
236059	2025-01-17	P
236060	2024-01-07	A
236060	2025-01-10	P
236060	2025-01-14	A
236060	2025-01-17	P
236061	2024-01-07	P
236061	2025-01-10	P
236061	2025-01-14	P
236061	2025-01-17	P
236062	2024-01-07	P
236062	2025-01-10	P
236062	2025-01-14	P
236062	2025-01-17	P
236063	2024-01-07	P
236063	2025-01-10	P
236063	2025-01-14	P
236063	2025-01-17	P
236064	2024-01-07	P
236064	2025-01-10	P
236064	2025-01-14	P
236064	2025-01-17	P
236065	2024-01-07	P
236065	2025-01-10	P
236065	2025-01-14	A
236065	2025-01-17	P
236066	2024-01-07	P
236066	2025-01-10	P
236066	2025-01-14	P
236066	2025-01-17	P
236067	2024-01-07	P
236067	2025-01-10	P
236067	2025-01-14	P
236067	2025-01-17	P
236068	2024-01-07	P
236068	2025-01-10	P
236068	2025-01-14	P
236068	2025-01-17	P
236069	2024-01-07	A
236069	2025-01-10	A
236069	2025-01-14	A
236069	2025-01-17	A
236070	2024-01-07	P
236070	2025-01-10	P
236070	2025-01-14	P
236070	2025-01-17	P
236071	2024-01-07	P
236071	2025-01-10	P
236071	2025-01-14	P
236071	2025-01-17	P
246301	2024-01-07	A
246301	2025-01-10	A
246301	2025-01-14	A
246301	2025-01-17	A
246302	2024-01-07	A
246302	2025-01-10	A
246302	2025-01-14	A
246302	2025-01-17	A
246303	2024-01-07	A
246303	2025-01-10	P
246303	2025-01-14	A
246303	2025-01-17	A
246304	2024-01-07	A
246304	2025-01-10	A
246304	2025-01-14	A
246304	2025-01-17	A
246305	2024-01-07	A
246305	2025-01-10	A
246305	2025-01-14	A
246305	2025-01-17	A
246306	2024-01-07	P
246306	2025-01-10	P
246306	2025-01-14	P
246306	2025-01-17	A
246307	2024-01-07	P
246307	2025-01-10	P
246307	2025-01-14	A
246307	2025-01-17	P
246309	2024-01-07	A
246309	2025-01-10	A
246309	2025-01-14	A
246309	2025-01-17	P
246310	2024-01-07	P
246310	2025-01-10	P
246310	2025-01-14	A
246310	2025-01-17	A
246311	2024-01-07	A
246311	2025-01-10	A
246311	2025-01-14	A
246311	2025-01-17	A
246312	2024-01-07	A
246312	2025-01-10	A
246312	2025-01-14	A
246312	2025-01-17	A
\.


--
-- Data for Name: python; Type: TABLE DATA; Schema: public; Owner: postgres
--

COPY public.python (roll_no, dates, status) FROM stdin;
236058	2025-01-12	P
236058	2025-01-14	P
236058	2025-01-10	P
236058	2024-01-07	P
236058	2025-01-17	P
246308	2024-01-07	P
246308	2025-01-10	P
246308	2025-01-14	P
246308	2025-01-17	A
236049	2024-01-07	P
236049	2025-01-10	P
236049	2025-01-14	P
236049	2025-01-17	P
236050	2024-01-07	P
236050	2025-01-10	P
236050	2025-01-14	P
236050	2025-01-17	A
236051	2024-01-07	P
236051	2025-01-10	P
236051	2025-01-14	A
236051	2025-01-17	A
236052	2024-01-07	P
236052	2025-01-10	P
236052	2025-01-14	P
236052	2025-01-17	P
236053	2024-01-07	P
236053	2025-01-10	P
236053	2025-01-14	P
236053	2025-01-17	P
236054	2024-01-07	P
236054	2025-01-10	P
236054	2025-01-14	P
236054	2025-01-17	P
236055	2024-01-07	P
236055	2025-01-10	P
236055	2025-01-14	P
236055	2025-01-17	A
236056	2024-01-07	P
236056	2025-01-10	P
236056	2025-01-14	P
236056	2025-01-17	A
236057	2024-01-07	P
236057	2025-01-10	P
236057	2025-01-14	P
236057	2025-01-17	P
236059	2024-01-07	P
236059	2025-01-10	P
236059	2025-01-14	P
236059	2025-01-17	P
236060	2024-01-07	A
236060	2025-01-10	P
236060	2025-01-14	A
236060	2025-01-17	P
236061	2024-01-07	P
236061	2025-01-10	P
236061	2025-01-14	P
236061	2025-01-17	P
236062	2024-01-07	P
236062	2025-01-10	P
236062	2025-01-14	P
236062	2025-01-17	P
236063	2024-01-07	P
236063	2025-01-10	P
236063	2025-01-14	P
236063	2025-01-17	P
236064	2024-01-07	P
236064	2025-01-10	P
236064	2025-01-14	P
236064	2025-01-17	P
236065	2024-01-07	P
236065	2025-01-10	P
236065	2025-01-14	A
236065	2025-01-17	P
236066	2024-01-07	P
236066	2025-01-10	P
236066	2025-01-14	P
236066	2025-01-17	P
236067	2024-01-07	P
236067	2025-01-10	P
236067	2025-01-14	P
236067	2025-01-17	P
236068	2024-01-07	P
236068	2025-01-10	P
236068	2025-01-14	P
236068	2025-01-17	P
236069	2024-01-07	A
236069	2025-01-10	A
236069	2025-01-14	A
236069	2025-01-17	A
236070	2024-01-07	P
236070	2025-01-10	P
236070	2025-01-14	P
236070	2025-01-17	P
236071	2024-01-07	P
236071	2025-01-10	P
236071	2025-01-14	P
236071	2025-01-17	P
246301	2024-01-07	A
246301	2025-01-10	A
246301	2025-01-14	A
246301	2025-01-17	A
246302	2024-01-07	A
246302	2025-01-10	A
246302	2025-01-14	A
246302	2025-01-17	A
246303	2024-01-07	A
246303	2025-01-10	P
246303	2025-01-14	A
246303	2025-01-17	A
246304	2024-01-07	A
246304	2025-01-10	A
246304	2025-01-14	A
246304	2025-01-17	A
246305	2024-01-07	A
246305	2025-01-10	A
246305	2025-01-14	A
246305	2025-01-17	A
246306	2024-01-07	P
246306	2025-01-10	P
246306	2025-01-14	P
246306	2025-01-17	A
246307	2024-01-07	P
246307	2025-01-10	P
246307	2025-01-14	A
246307	2025-01-17	P
246309	2024-01-07	A
246309	2025-01-10	A
246309	2025-01-14	A
246309	2025-01-17	P
246310	2024-01-07	P
246310	2025-01-10	P
246310	2025-01-14	A
246310	2025-01-17	A
246311	2024-01-07	A
246311	2025-01-10	A
246311	2025-01-14	A
246311	2025-01-17	A
246312	2024-01-07	A
246312	2025-01-10	A
246312	2025-01-14	A
246312	2025-01-17	A
\.


--
-- Data for Name: studentinfo; Type: TABLE DATA; Schema: public; Owner: postgres
--

COPY public.studentinfo (roll_no, name, password) FROM stdin;
236058	SHAIKH ARMAN SALIM	Arman
246308	PANDHARE SIDDHI ANIL	Siddhi
236049	PATIL SHREYA SANJAY	Shreya
236050	POKHALEKAR NEHA VIJAY	\N
236051	POTDAR RAJNANDINI MAHENDRA	\N
236052	POWAR NISHA BHAGWAN	\N
236053	POWAR SHWETA ASHOK	\N
236054	POWAR VARAD SANGRAM	\N
236055	PURI VAIBHAV DATTA	\N
236056	ROTE OMKAR VITTHAL	\N
236057	SANGAR SHREYA AMAR	\N
236059	SHAIKH HUJAIFA RAFIK	\N
236060	SHINDE ANURAG SANGRAM	\N
236061	SHINGE PUSHKRAJ PRAMOD	\N
236062	SHIRKE ATHARV VIJAY	\N
236063	SUTAR KAVITA SHIVAJI	\N
236064	SUTAR SUHANI PRADIP	\N
236065	TELI SHIVANI SANDIP	\N
236066	TIKODE SRUSHTI SANJAY	\N
236067	VADAR SHUBHAM PUNDLIK	\N
236068	VARUTE PATIL UTKARSHA DIGAMBAR	\N
236069	VIBHUTE PRIYANKA PRAKASH	\N
236070	VIBHUTE SHRUSHTI UTTAM	\N
236071	WAINGADE PRATIKSHA VILAS	\N
246301	BANATE VISHWAJIT VASANT	\N
246302	BENADE YUVARAJ DATTATRAY	\N
246303	GADWE VAISHNAVI DATTA	\N
246304	KALE ALOK MANOJ	\N
246305	KUDKE YOGESH YUVRAJ	\N
246306	MADHALE PRUTHVIRAJ SHAHU	\N
246307	NAIK YADNIK VIJAY	\N
246309	PATIL POOJA SUDHANRAJ	\N
246310	PATIL PRANAV RAJARAM	\N
246311	UGILE SUMIT RAJKUMAR	\N
246312	PATILOMKAR DINKAR	\N
\.


--
-- Data for Name: teachersinfo; Type: TABLE DATA; Schema: public; Owner: postgres
--

COPY public.teachersinfo (id, name, pass) FROM stdin;
12	Arman Salim Shaikh	Arman
\.


--
-- Name: studentinfo studentinfo_pkey; Type: CONSTRAINT; Schema: public; Owner: postgres
--

ALTER TABLE ONLY public.studentinfo
    ADD CONSTRAINT studentinfo_pkey PRIMARY KEY (roll_no);


--
-- Name: teachersinfo teachersinfo_pkey; Type: CONSTRAINT; Schema: public; Owner: postgres
--

ALTER TABLE ONLY public.teachersinfo
    ADD CONSTRAINT teachersinfo_pkey PRIMARY KEY (id);


--
-- Name: java unique_attendance0; Type: CONSTRAINT; Schema: public; Owner: postgres
--

ALTER TABLE ONLY public.java
    ADD CONSTRAINT unique_attendance0 UNIQUE (roll_no, dates);


--
-- Name: python unique_attendance1; Type: CONSTRAINT; Schema: public; Owner: postgres
--

ALTER TABLE ONLY public.python
    ADD CONSTRAINT unique_attendance1 UNIQUE (roll_no, dates);


--
-- Name: dsc unique_attendance2; Type: CONSTRAINT; Schema: public; Owner: postgres
--

ALTER TABLE ONLY public.dsc
    ADD CONSTRAINT unique_attendance2 UNIQUE (roll_no, dates);


--
-- Name: asp unique_attendance3; Type: CONSTRAINT; Schema: public; Owner: postgres
--

ALTER TABLE ONLY public.asp
    ADD CONSTRAINT unique_attendance3 UNIQUE (roll_no, dates);


--
-- Name: asp asp_roll_no_fkey; Type: FK CONSTRAINT; Schema: public; Owner: postgres
--

ALTER TABLE ONLY public.asp
    ADD CONSTRAINT asp_roll_no_fkey FOREIGN KEY (roll_no) REFERENCES public.studentinfo(roll_no);


--
-- Name: dsc dsc_roll_no_fkey; Type: FK CONSTRAINT; Schema: public; Owner: postgres
--

ALTER TABLE ONLY public.dsc
    ADD CONSTRAINT dsc_roll_no_fkey FOREIGN KEY (roll_no) REFERENCES public.studentinfo(roll_no);


--
-- Name: java fk_roll; Type: FK CONSTRAINT; Schema: public; Owner: postgres
--

ALTER TABLE ONLY public.java
    ADD CONSTRAINT fk_roll FOREIGN KEY (roll_no) REFERENCES public.studentinfo(roll_no);


--
-- Name: python python_roll_no_fkey; Type: FK CONSTRAINT; Schema: public; Owner: postgres
--

ALTER TABLE ONLY public.python
    ADD CONSTRAINT python_roll_no_fkey FOREIGN KEY (roll_no) REFERENCES public.studentinfo(roll_no);


--
-- PostgreSQL database dump complete
--

